username;password
firstname1.lastname1;passwd_lastname1
firstname2.lastname2;passwd_lastname2
firstname3.lastname3;passwd_lastname3
firstname4.lastname4;passwd_lastname4
firstname5.lastname5;passwd_lastname5
firstname6.lastname6;passwd_lastname6
firstname7.lastname7;passwd_lastname7
firstname8.lastname8;passwd_lastname8
firstname9.lastname9;passwd_lastname9
firstname10.lastname10;passwd_lastname10
firstname11.lastname11;passwd_lastname11
firstname12.lastname12;passwd_lastname12
firstname13.lastname13;passwd_lastname13
firstname14.lastname14;passwd_lastname14
firstname15.lastname15;passwd_lastname15
firstname16.lastname16;passwd_lastname16
firstname17.lastname17;passwd_lastname17
firstname18.lastname18;passwd_lastname18
firstname19.lastname19;passwd_lastname19
firstname20.lastname20;passwd_lastname20
firstname21.lastname21;passwd_lastname21
firstname22.lastname22;passwd_lastname22
firstname23.lastname23;passwd_lastname23
firstname24.lastname24;passwd_lastname24
firstname25.lastname25;passwd_lastname25
firstname26.lastname26;passwd_lastname26
firstname27.lastname27;passwd_lastname27
firstname28.lastname28;passwd_lastname28
firstname29.lastname29;passwd_lastname29
firstname30.lastname30;passwd_lastname30
firstname31.lastname31;passwd_lastname31
firstname32.lastname32;passwd_lastname32
firstname33.lastname33;passwd_lastname33
firstname34.lastname34;passwd_lastname34
firstname35.lastname35;passwd_lastname35
firstname36.lastname36;passwd_lastname36
firstname37.lastname37;passwd_lastname37
firstname38.lastname38;passwd_lastname38
firstname39.lastname39;passwd_lastname39
firstname40.lastname40;passwd_lastname40
firstname41.lastname41;passwd_lastname41
firstname42.lastname42;passwd_lastname42
firstname43.lastname43;passwd_lastname43
firstname44.lastname44;passwd_lastname44
firstname45.lastname45;passwd_lastname45
firstname46.lastname46;passwd_lastname46
firstname47.lastname47;passwd_lastname47
firstname48.lastname48;passwd_lastname48
firstname49.lastname49;passwd_lastname49
firstname50.lastname50;passwd_lastname50
firstname51.lastname51;passwd_lastname51
firstname52.lastname52;passwd_lastname52
firstname53.lastname53;passwd_lastname53
firstname54.lastname54;passwd_lastname54
firstname55.lastname55;passwd_lastname55
firstname56.lastname56;passwd_lastname56
firstname57.lastname57;passwd_lastname57
firstname58.lastname58;passwd_lastname58
firstname59.lastname59;passwd_lastname59
firstname60.lastname60;passwd_lastname60
firstname61.lastname61;passwd_lastname61
firstname62.lastname62;passwd_lastname62
firstname63.lastname63;passwd_lastname63
firstname64.lastname64;passwd_lastname64
firstname65.lastname65;passwd_lastname65
firstname66.lastname66;passwd_lastname66
firstname67.lastname67;passwd_lastname67
firstname68.lastname68;passwd_lastname68
firstname69.lastname69;passwd_lastname69
firstname70.lastname70;passwd_lastname70
firstname71.lastname71;passwd_lastname71
firstname72.lastname72;passwd_lastname72
firstname73.lastname73;passwd_lastname73
firstname74.lastname74;passwd_lastname74
firstname75.lastname75;passwd_lastname75
firstname76.lastname76;passwd_lastname76
firstname77.lastname77;passwd_lastname77
firstname78.lastname78;passwd_lastname78
firstname79.lastname79;passwd_lastname79
firstname80.lastname80;passwd_lastname80
firstname81.lastname81;passwd_lastname81
firstname82.lastname82;passwd_lastname82
firstname83.lastname83;passwd_lastname83
firstname84.lastname84;passwd_lastname84
firstname85.lastname85;passwd_lastname85
firstname86.lastname86;passwd_lastname86
firstname87.lastname87;passwd_lastname87
firstname88.lastname88;passwd_lastname88
firstname89.lastname89;passwd_lastname89
firstname90.lastname90;passwd_lastname90
firstname91.lastname91;passwd_lastname91
firstname92.lastname92;passwd_lastname92
firstname93.lastname93;passwd_lastname93
firstname94.lastname94;passwd_lastname94
firstname95.lastname95;passwd_lastname95
firstname96.lastname96;passwd_lastname96
firstname97.lastname97;passwd_lastname97
firstname98.lastname98;passwd_lastname98
firstname99.lastname99;passwd_lastname99
firstname100.lastname100;passwd_lastname100